ディシジョンテーブル１（単項目チェック）																																																
	入出力要素		条件/アクション	ルール																																													
				1	2	3	4	5	6	7	8	9	10	11	12	13	14	15	16	17	18	19	20	21	22	23	24	25	26	27	28	29	30	31	32	33	34	35	36	37	38	39	40	41	42	43	44	45	46	47	48	49	50
		-	-	-	-	-	-	-	-	-	-	-	-	-	-	-	-	-	-	-	-	-	-	-	-	-	-	-	-	-	-	-	-	-	-	-	-	-	-	-	-	-	-	-	-	-	-	-	-	-	-	-	-
		通信状態条件	オフライン			Y	-	-	-	-	-	-	-	-	-	-	-	-	-	-	-	-	-	-	-	-	-	-	-	-	-	-	-	-	-	-	-	-	-	-	-	-	-	-	-	-	-	-	-	-	-	-	-
			通信エラー		Y		-	-	-	-	-	-	-	-	-	-	-	-	-	-	-	-	-	-	-	-	-	-	-	-	-	-	-	-	-	-	-	-	-	-	-	-	-	-	-	-	-	-	-	-	-	-	-
			正常	Y			-	-	-	-	-	-	-	-	-	-	-	-	-	-	-	-	-	-	-	-	-	-	-	-	-	-	-	-	-	-	-	-	-	-	-	-	-	-	-	-	-	-	-	-	-	-	-
		ユーザーID条件	未入力				Y	-	-	-	-	-	-	-	-	-	-	-	-	-	-	-	-	-	-	-	-	-	-	-	-	-	-	-	-	-	-	-	-	-	-	-	-	-	-	-	-	-	-	-	-	-	-
			文字数超過				-	Y	-	-	-	-	-	-	-	-	-	-	-	-	-	-	-	-	-	-	-	-	-	-	-	-	-	-	-	-	-	-	-	-	-	-	-	-	-	-	-	-	-	-	-	-	-	-
			禁止文字				-	-	Y	-	-	-	-	-	-	-	-	-	-	-	-	-	-	-	-	-	-	-	-	-	-	-	-	-	-	-	-	-	-	-	-	-	-	-	-	-	-	-	-	-	-	-	-	-
			正常	Y	Y	Y		-	-	-	-	-	-	-	-	-	-	-	-	-	-	-	-	-	-	-	-	-	-	-	-	-	-	-	-	-	-	-	-	-	-	-	-	-	-	-	-	-	-	-	-	-	-	-
		パスワード条件	未入力					Y	-	-	-	-	-	-	-	-	-	-	-	-	-	-	-	-	-	-	-	-	-	-	-	-	-	-	-	-	-	-	-	-	-	-	-	-	-	-	-	-	-	-	-	-	-
			文字数不足					-	Y	-	-	-	-	-	-	-	-	-	-	-	-	-	-	-	-	-	-	-	-	-	-	-	-	-	-	-	-	-	-	-	-	-	-	-	-	-	-	-	-	-	-	-	-	-
			文字数超過					-	-	Y	-	-	-	-	-	-	-	-	-	-	-	-	-	-	-	-	-	-	-	-	-	-	-	-	-	-	-	-	-	-	-	-	-	-	-	-	-	-	-	-	-	-	-	-
			複雑性不足					-	-	-	Y	-	-	-	-	-	-	-	-	-	-	-	-	-	-	-	-	-	-	-	-	-	-	-	-	-	-	-	-	-	-	-	-	-	-	-	-	-	-	-	-	-	-	-	-
			正常	Y	Y	Y			-	-	-	-	-	-	-	-	-	-	-	-	-	-	-	-	-	-	-	-	-	-	-	-	-	-	-	-	-	-	-	-	-	-	-	-	-	-	-	-	-	-	-	-	-	-
		API応答時間条件	30秒超過						Y	-	-	-	-	-	-	-	-	-	-	-	-	-	-	-	-	-	-	-	-	-	-	-	-	-	-	-	-	-	-	-	-	-	-	-	-	-	-	-	-	-	-	-
			2-30秒						-	Y	-	-	-	-	-	-	-	-	-	-	-	-	-	-	-	-	-	-	-	-	-	-	-	-	-	-	-	-	-	-	-	-	-	-	-	-	-	-	-	-	-	-
			2秒以内	Y	Y	Y					-	-	-	-	-	-	-	-	-	-	-	-	-	-	-	-	-	-	-	-	-	-	-	-	-	-	-	-	-	-	-	-	-	-	-	-	-	-	-	-	-	-	-
		メモリ使用量条件	200MB超過							Y	-	-	-	-	-	-	-	-	-	-	-	-	-	-	-	-	-	-	-	-	-	-	-	-	-	-	-	-	-	-	-	-	-	-	-	-	-	-	-	-	-	-
			150-200MB							-	Y	-	-	-	-	-	-	-	-	-	-	-	-	-	-	-	-	-	-	-	-	-	-	-	-	-	-	-	-	-	-	-	-	-	-	-	-	-	-	-	-	-
			150MB以下	Y	Y	Y						-	-	-	-	-	-	-	-	-	-	-	-	-	-	-	-	-	-	-	-	-	-	-	-	-	-	-	-	-	-	-	-	-	-	-	-	-	-	-	-	-	-
		CPU使用率条件	50%超過								Y	-	-	-	-	-	-	-	-	-	-	-	-	-	-	-	-	-	-	-	-	-	-	-	-	-	-	-	-	-	-	-	-	-	-	-	-	-	-	-	-	-
			40-50%								-	Y	-	-	-	-	-	-	-	-	-	-	-	-	-	-	-	-	-	-	-	-	-	-	-	-	-	-	-	-	-	-	-	-	-	-	-	-	-	-	-	-
			40%以下	Y	Y	Y							-	-	-	-	-	-	-	-	-	-	-	-	-	-	-	-	-	-	-	-	-	-	-	-	-	-	-	-	-	-	-	-	-	-	-	-	-	-	-	-	-
		バッテリー残量条件	5%未満									Y	-	-	-	-	-	-	-	-	-	-	-	-	-	-	-	-	-	-	-	-	-	-	-	-	-	-	-	-	-	-	-	-	-	-	-	-	-	-	-	-
			5-20%									-	Y	-	-	-	-	-	-	-	-	-	-	-	-	-	-	-	-	-	-	-	-	-	-	-	-	-	-	-	-	-	-	-	-	-	-	-	-	-	-	-	-
			20%以上	Y	Y	Y								-	-	-	-	-	-	-	-	-	-	-	-	-	-	-	-	-	-	-	-	-	-	-	-	-	-	-	-	-	-	-	-	-	-	-	-	-	-	-	-
		通信量条件	50MB/日超過										Y	-	-	-	-	-	-	-	-	-	-	-	-	-	-	-	-	-	-	-	-	-	-	-	-	-	-	-	-	-	-	-	-	-	-	-	-	-	-	-
			40-50MB/日										-	Y	-	-	-	-	-	-	-	-	-	-	-	-	-	-	-	-	-	-	-	-	-	-	-	-	-	-	-	-	-	-	-	-	-	-	-	-	-	-
			40MB/日以下	Y	Y	Y									-	-	-	-	-	-	-	-	-	-	-	-	-	-	-	-	-	-	-	-	-	-	-	-	-	-	-	-	-	-	-	-	-	-	-	-	-	-	-
		ストレージ空き容量条件	100MB未満											Y	-	-	-	-	-	-	-	-	-	-	-	-	-	-	-	-	-	-	-	-	-	-	-	-	-	-	-	-	-	-	-	-	-	-	-	-	-	-
			100MB-1GB											-	Y	-	-	-	-	-	-	-	-	-	-	-	-	-	-	-	-	-	-	-	-	-	-	-	-	-	-	-	-	-	-	-	-	-	-	-	-	-	-
			1GB以上	Y	Y	Y										-	-	-	-	-	-	-	-	-	-	-	-	-	-	-	-	-	-	-	-	-	-	-	-	-	-	-	-	-	-	-	-	-	-	-	-	-	-	-
		-	-	-	-	-	-	-	-	-	-	-	-	-	-	-	-	-	-	-	-	-	-	-	-	-	-	-	-	-	-	-	-	-	-	-	-	-	-	-	-	-	-	-	-	-	-	-	-	-	-	-	-
		-		-	-	-	-	-	-	-	-	-	-	-	-	-	-	-	-	-	-	-	-	-	-	-	-	-	-	-	-	-	-	-	-	-	-	-	-	-	-	-	-	-	-	-	-	-	-	-	-	-	-
		オフラインモード切替				X																																											
		通信エラーメッセージ表示			X																																												
		必須項目エラーメッセージ：ユーザーID				X																																											
		文字数超過エラーメッセージ：ユーザーID（50文字まで）					X																																										
		禁止文字エラーメッセージ：ユーザーID						X																																									
		必須項目エラーメッセージ：パスワード					X																																										
		文字数不足エラーメッセージ：パスワード（8文字以上）						X																																									
		文字数超過エラーメッセージ：パスワード（20文字まで）							X																																								
		複雑性エラーメッセージ：パスワード（英数字記号混在）								X																																							
		API応答タイムアウトエラー表示						X																																									
		API応答遅延警告表示（継続待機）							X																																								
		メモリ使用量警告（アプリ最適化推奨）								X																																							
		メモリ使用量アラート（メモリ解放処理実行）									X																																						
		CPU使用率警告（処理負荷軽減）									X																																						
		CPU使用率アラート（処理制限実行）										X																																					
		バッテリー残量警告（省電力モード推奨）										X																																					
		バッテリー残量アラート（重要機能のみ）											X																																				
		通信量警告（データ圧縮強化）											X																																				
		通信量制限（キャッシュ優先モード）												X																																			
		ストレージ容量警告（キャッシュ削除推奨）												X																																			
		ストレージ容量エラー（必須容量確保要求）													X																																		
		正常処理継続		X																																												
		-		-	-	-	-	-	-	-	-	-	-	-	-	-	-	-	-	-	-	-	-	-	-	-	-	-	-	-	-	-	-	-	-	-	-	-	-	-	-	-	-	-	-	-	-	-	-	-	-	-	-
																																																
ディシジョンテーブル２（相関項目チェック）																																																
	入出力要素		条件/アクション	ルール																																													
				1	2	3	4	5	6	7	8	9	10																																					
		-	-	-	-	-	-	-	-	-	-	-	-																																					
		認証検証（ID/パスワード組合せ）	認証失敗	Y	-		-	-	-	-	-	-	-																																					
			アカウントロック		Y	-	-	-	-	-	-	-	-																																					
			正常		-		Y	-	-	-	-	-	-																																					
		セッション検証（トークン有効期限）	期限切れ	-	-	-	Y	-	-	-	-	-	-																																					
			期限間近（5分以内）	-	-	-	-	Y	-	-	-	-	-																																					
			正常	-	-	-		-	Y	-	-	-	-																																					
		データ整合性検証（キャッシュ/サーバー）	不整合検出	-	-	-	-	-	-	Y		-	-																																					
			同期必要	-	-	-	-	-	-	-	Y	-	-																																					
			正常	-	-	-	-	-	-		-	Y	-																																					
		サービス状態検証（メンテナンス）	緊急メンテナンス	-	-	-	-	-	-	-	-	-	Y																																					
			計画メンテナンス予定	-	-	-	-	-	-	-	-	-		Y																																				
			正常	-	-	-	-	-	-	-	-	-			Y																																			
		-	-	-	-	-	-	-	-	-	-	-	-																																					
		-		-	-	-	-	-	-	-	-	-	-																																					
		認証エラーメッセージ（ID/パスワード確認）		X																																												
		アカウントロックメッセージ（管理者連絡）			X																																											
		セッション期限切れ（再ログイン要求）				X																																										
		セッション更新アラート（自動更新）					X																																									
		データ整合性エラー（サーバー同期実行）							X																																							
		自動同期実行通知								X																																						
		緊急メンテナンス通知（機能制限）										X																																				
		計画メンテナンス予告											X																																			
		正常処理継続				Y		Y	Y		Y			Y																																		
		-		-	-	-	-	-	-	-	-	-	-																																					
																																																
																																																
ディシジョンテーブル３（セキュリティチェック）																																																
	入出力要素		条件/アクション	ルール																																													
				1	2	3	4	5	6	7	8	9	10	11	12																																			
		-	-	-	-	-	-	-	-	-	-	-	-	-																																			
		SSL/TLS検証	証明書エラー	Y	-		-	-	-	-	-	-	-	-	-																																			
			証明書警告		Y	-	-	-	-	-	-	-	-	-	-																																			
			正常		-		Y	-	-	-	-	-	-	-	-																																			
		デバイス状態検証	ルート化/JB検出	-	-	-	Y	-		-	-	-	-	-	-																																			
			デバッガ接続検出	-	-	-	-	Y	-	-	-	-	-	-	-																																			
			正常	-	-	-		-	Y	-	-	-	-	-	-																																			
		アプリ改竄検証	署名不一致	-	-	-	-	-	-	Y		-	-	-	-																																			
			ハッシュ値不一致	-	-	-	-	-	-	-	Y	-	-	-	-																																			
			正常	-	-	-	-	-	-		-	Y	-	-	-																																			
		不正アクセス検証	連続ログイン失敗	-	-	-	-	-	-	-	-	-	Y		-																																			
			異常アクセスパターン	-	-	-	-	-	-	-	-	-	-	Y	-																																			
			正常	-	-	-	-	-	-	-	-	-		-	Y																																			
		-	-	-	-	-	-	-	-	-	-	-	-	-																																			
		-		-	-	-	-	-	-	-	-	-	-	-																																			
		SSL/TLS証明書エラー（接続拒否）		X																																												
		SSL/TLS証明書警告（確認要求）			X																																											
		ルート化/JB端末警告（機能制限）				X																																										
		デバッガ検出警告（アプリ終了）					X																																									
		アプリ改竄エラー（起動拒否）							X																																							
		アプリ改竄エラー（起動拒否）								X																																						
		不正アクセス検知（一時ロック）										X																																				
		異常パターン検知（追加認証要求）											X																																			
		正常処理継続				Y		Y		Y			Y																																		
		-		-	-	-	-	-	-	-	-	-	-	-																																			
																																																
																																																
備考：																																																
1. 単項目チェックは各項目の妥当性を個別に検証																																																
2. 相関項目チェックは複数項目間の整合性を検証																																																
3. セキュリティチェックは不正アクセスや改竄を検知																																																
4. エラー時は適切なメッセージを表示し、可能な限り処理を継続																																																
5. 重大なエラーの場合は、安全のため処理を中断																																																